"FL_DATE","ORIGIN","DEST","DEP_TIME","ARR_TIME",
2017-01-01,"MIA","LGA","1402","1646",
2017-01-01,"LGA","ORD","0855","1014",
2017-01-01,"LGA","ORD","1026","1144",
2017-01-01,"LGA","ORD","1400","1522",
2017-01-01,"ORD","LGA","1857","2143",
2017-01-01,"LGA","ORD","1209","1332",
2017-01-01,"LGA","ORD","1549","1718",
2017-01-01,"LGA","ORD","1654","1841",
2017-01-01,"ORD","LGA","2033","2322",
2017-01-01,"LGA","ORD","1855","2039",
2017-01-01,"LGA","ORD","1308","1448",
2017-01-01,"ORD","LGA","0900","1147",
2017-01-01,"ORD","LGA","1455","1743",
2017-01-01,"ORD","LGA","1639","1921",
2017-01-01,"ORD","LGA","1324","1612",
2017-01-01,"MIA","LGA","2125","0003",
2017-01-01,"ORD","LGA","1001","1243",
2017-01-01,"JFK","LAX","1158","1611",
2017-01-01,"ORD","LGA","0823","1104",
2017-01-01,"ORD","LGA","0730","1019",
2017-01-01,"ATL","LGA","1214","1411",
2017-01-01,"LGA","MIA","1223","1528",
2017-01-01,"PHX","JFK","2322","0545",
2017-01-01,"JFK","SJU","0811","1230",
2017-01-01,"SJU","JFK","1400","1701",
2017-01-01,"LGA","MIA","1709","2045",
2017-01-01,"MIA","LGA","1945","2232",
2017-01-01,"LGA","MIA","1954","2244",
2017-01-01,"LGA","MIA","0544","0847",
2017-01-01,"MIA","JFK","2314","0156",
2017-01-01,"LGA","MIA","0754","1059",
2017-01-01,"JFK","PHX","","",
2017-01-01,"SJU","JFK","0851","1204",
2017-01-01,"JFK","PHX","1307","1647",
2017-01-01,"JFK","CLT","0627","0836",
2017-01-01,"CLT","SYR","1640","1829",
2017-01-01,"LGA","CLT","1256","1505",
2017-01-01,"CLT","LGA","1701","1831",
2017-01-01,"PHL","LGA","1548","1633",
2017-01-01,"CLT","LGA","1142","1338",
2017-01-01,"CLT","LGA","1304","1432",
2017-01-01,"CLT","LGA","1428","1559",
2017-01-01,"PHL","LGA","2029","2122",
2017-01-01,"PHL","LGA","2242","2320",
2017-01-01,"LGA","PHL","0711","0804",
2017-01-01,"BOS","LGA","1056","1203",
2017-01-01,"LGA","BOS","1952","2054",
2017-01-01,"DCA","LGA","1122","1219",
2017-01-01,"LGA","DCA","1256","1411",
2017-01-01,"LGA","BOS","1752","1854",
2017-01-01,"DCA","LGA","1456","1600",
2017-01-01,"DFW","LGA","1524","1910",
2017-01-01,"JFK","DCA","1507","1637",
2017-01-01,"LAS","JFK","1123","1910",
2017-01-01,"JFK","MIA","0705","1020",
2017-01-01,"AUS","JFK","0113","0525",
2017-01-01,"LGA","DFW","1556","1853",
2017-01-01,"LGA","MIA","2238","0131",
2017-01-01,"MIA","LGA","1705","1944",
2017-01-01,"LGA","FLL","1533","1853",
2017-01-01,"MCO","JFK","0558","0821",
2017-01-01,"JFK","RDU","1453","1638",
2017-01-01,"RDU","JFK","2101","2223",
2017-01-01,"MCO","LGA","1754","2009",
2017-01-01,"JFK","FLL","1958","2248",
2017-01-01,"JFK","PDX","2128","0042",
2017-01-01,"PDX","JFK","2234","0631",
2017-01-01,"BOS","LGA","1507","1609",
2017-01-01,"LGA","BOS","1747","1843",
2017-01-01,"LAS","JFK","0018","0748",
2017-01-01,"HPN","RSW","0720","1028",
2017-01-01,"RSW","HPN","1218","1507",
2017-01-01,"PBI","JFK","1809","2056",
2017-01-01,"PBI","LGA","2010","2249",
2017-01-01,"LGA","FLL","2157","0055",
2017-01-01,"FLL","LGA","1811","2048",
2017-01-01,"JFK","CHS","0656","0909",
2017-01-01,"CHS","JFK","0959","1140",
2017-01-01,"MCO","JFK","1916","2150",
2017-01-01,"MCO","HPN","2319","0139",
2017-01-01,"JFK","AUS","2055","0009",
2017-01-01,"SJU","JFK","1747","2058",
2017-01-01,"JFK","IAD","0801","0915",
2017-01-01,"IAD","JFK","0953","1054",
2017-01-01,"BOS","JFK","1844","1958",
2017-01-01,"JFK","BOS","1240","1344",
2017-01-01,"JFK","LAX","2133","0109",
2017-01-01,"BOS","LGA","1715","1819",
2017-01-01,"LGA","BOS","1927","2030",
2017-01-01,"LGA","FLL","2215","0057",
2017-01-01,"JFK","CHS","1452","1723",
2017-01-01,"CHS","JFK","1817","1959",
2017-01-01,"ROC","JFK","1450","1550",
2017-01-01,"JFK","ROC","1259","1408",
2017-01-01,"JFK","SJU","0519","0947",
2017-01-01,"SJU","JFK","1057","1350",
2017-01-01,"JFK","IAD","1702","1807",
2017-01-01,"JFK","SFO","1959","2353",
2017-01-01,"JFK","BOS","0940","1042",
2017-01-01,"BOS","LGA","1954","2109",
2017-01-01,"HPN","TPA","1335","1625",
2017-01-01,"HPN","PBI","2036","2339",
2017-01-01,"PBI","HPN","0647","0925",
2017-01-01,"FLL","LGA","2116","2346",
2017-01-01,"JFK","CHS","2133","2347",
2017-01-01,"CHS","JFK","2053","2227",
2017-01-01,"MCO","HPN","1856","2125",
2017-01-01,"JFK","FLL","1041","1403",
2017-01-01,"FLL","JFK","0458","0735",
2017-01-01,"JFK","SJU","0013","0441",
2017-01-01,"SJU","JFK","0559","0909",
2017-01-01,"JFK","IAD","2159","2318",
2017-01-01,"SYR","JFK","1845","2001",
2017-01-01,"HPN","PBI","0820","1128",
2017-01-01,"FLL","LGA","1206","1440",
2017-01-01,"MCO","BUF","1947","2212",
2017-01-01,"JFK","FLL","1520","1903",
2017-01-01,"FLL","JFK","1939","2210",
2017-01-01,"SJU","JFK","2115","0003",
2017-01-01,"RSW","JFK","0709","0940",
2017-01-01,"BTV","JFK","1058","1207",
2017-01-01,"JFK","BTV","0907","1016",
2017-01-01,"JFK","JAX","2121","2343",
2017-01-01,"JAX","JFK","0617","0830",
2017-01-01,"JFK","FLL","0810","1109",
2017-01-01,"FLL","JFK","0657","0944",
2017-01-01,"JFK","SFO","2121","0112",
2017-01-01,"SFO","JFK","2134","0531",
2017-01-01,"JFK","RSW","1629","1957",
2017-01-01,"BTV","JFK","1424","1538",
2017-01-01,"JFK","BTV","1232","1343",
2017-01-01,"SYR","FLL","0657","0955",
2017-01-01,"FLL","SYR","2240","0124",
2017-01-01,"FLL","JFK","2143","0010",
2017-01-01,"IAD","JFK","2018","2138",
2017-01-01,"JFK","SYR","2248","2347",
2017-01-01,"MCO","JFK","1220","1447",
2017-01-01,"HPN","MCO","0621","0859",
2017-01-01,"JFK","FLL","2259","0146",
2017-01-01,"FLL","JFK","1509","1746",
2017-01-01,"JFK","SJU","1358","1827",
2017-01-01,"SJU","JFK","1933","2243",
2017-01-01,"BOS","BUF","1720","1852",
2017-01-01,"BUF","BOS","1931","2041",
2017-01-01,"HPN","PBI","1130","1411",
2017-01-01,"BUF","EWR","1503","1621",
2017-01-01,"EWR","BUF","1303","1433",
2017-01-01,"HPN","ORD","0632","0807",
2017-01-01,"ORD","HPN","1822","2112",
2017-01-01,"EWR","BUF","1631","1740",
2017-01-01,"EWR","ROC","1755","1905",
2017-01-01,"ORD","HPN","1352","1646",
2017-01-01,"ORD","SYR","1754","2028",
2017-01-01,"EWR","ROC","2135","2242",
2017-01-01,"SYR","DTW","1724","1903",
2017-01-01,"HPN","ATL","0559","0831",
2017-01-01,"LGA","RIC","1657","1840",
2017-01-01,"DTW","BUF","0833","0921",
2017-01-01,"LGA","SAV","0928","1159",
2017-01-01,"ATL","HPN","2042","2240",
2017-01-01,"DTW","ELM","1959","2107",
2017-01-01,"ROC","CLT","1839","2027",
2017-01-01,"ALB","CLT","0756","1010",
2017-01-01,"ROC","CLT","0803","0958",
2017-01-01,"JFK","CLT","0814","1023",
2017-01-01,"JFK","STT","0829","1302",
2017-01-01,"STT","JFK","1414","1746",
2017-01-01,"JFK","SJU","1912","2341",
2017-01-01,"JFK","MIA","1129","1425",
2017-01-01,"JFK","TUS","1712","2053",
2017-01-01,"PHX","JFK","1616","2250",
2017-01-01,"TUS","JFK","2341","0603",
2017-01-01,"MIA","LGA","0703","0950",
2017-01-01,"MIA","JFK","1403","1649",
2017-01-01,"MIA","LGA","1125","1400",
2017-01-01,"LGA","CLT","1921","2107",
2017-01-01,"LGA","CLT","0814","1021",
2017-01-01,"LGA","CLT","1436","1729",
2017-01-01,"CLT","LGA","1845","2020",
2017-01-01,"ALB","CLT","1436","1639",
2017-01-01,"LGA","CLT","1700","1907",
2017-01-01,"LGA","PHL","1756","1859",
2017-01-01,"LGA","ATL","1659","1943",
2017-01-01,"CLT","ALB","1421","1600",
2017-01-01,"SYR","CLT","0807","1034",
2017-01-01,"MIA","JFK","0710","0955",
2017-01-01,"LGA","MIA","1316","1624",
2017-01-01,"MIA","LGA","0933","1217",
2017-01-01,"LGA","DFW","1743","2044",
2017-01-01,"PHX","JFK","1336","2013",
2017-01-01,"CLT","JFK","0917","1053",
2017-01-01,"JFK","CLT","1301","1504",
2017-01-01,"CLT","JFK","1959","2149",
2017-01-01,"AUS","JFK","1153","1604",
2017-01-01,"JFK","AUS","0735","1054",
2017-01-01,"JFK","CLT","1027","1223",
2017-01-01,"JFK","AUS","1719","2032",
2017-01-01,"CLT","JFK","0735","0918",
2017-01-01,"JFK","SEA","0725","1122",
2017-01-01,"SEA","JFK","2244","0654",
2017-01-01,"JFK","FLL","0939","1244",
2017-01-01,"FLL","JFK","1242","1517",
2017-01-01,"JFK","SJU","0918","1341",
2017-01-01,"SJU","JFK","1455","1802",
2017-01-01,"LGB","JFK","2153","0543",
2017-01-01,"SFO","JFK","0641","1449",
2017-01-01,"LAX","JFK","0621","1438",
2017-01-01,"TPA","JFK","1947","2210",
2017-01-01,"JFK","PBI","1806","2050",
2017-01-01,"PBI","JFK","2031","2307",
2017-01-01,"PBI","LGA","1000","1231",
2017-01-01,"JFK","ABQ","1953","2246",
2017-01-01,"ABQ","JFK","2349","0527",
2017-01-01,"JFK","SLC","1940","2300",
2017-01-01,"SLC","JFK","2233","0436",
2017-01-01,"MSY","JFK","0925","1303",
2017-01-01,"RNO","JFK","0005","0803",
2017-01-01,"JFK","RNO","1939","2259",
2017-01-01,"BUF","MCO","1241","1519",
2017-01-01,"ALB","FLL","1149","1453",
2017-01-01,"FLL","ALB","0818","1105",
2017-01-01,"JFK","SAN","1603","1936",
2017-01-01,"SAN","JFK","2053","0443",
2017-01-01,"MCO","HPN","1023","1245",
2017-01-01,"JFK","DEN","2024","2320",
2017-01-01,"DEN","JFK","0012","0537",
2017-01-01,"FLL","JFK","1349","1629",
2017-01-01,"JFK","ORD","1522","1712",
2017-01-01,"JFK","PWM","2241","2348",
2017-01-01,"HPN","FLL","0750","1038",
2017-01-01,"FLL","HPN","0752","1030",
2017-01-01,"JFK","SYR","0858","1020",
2017-01-01,"ALB","MCO","1418","1717",
2017-01-01,"MCO","ALB","1045","1322",
2017-01-01,"JFK","LAX","0702","1011",
2017-01-01,"LAX","JFK","0847","1713",
2017-01-01,"RSW","JFK","1755","2025",
2017-01-01,"JFK","PHX","1928","2309",
2017-01-01,"PHX","JFK","2358","0614",
2017-01-01,"JFK","PSP","1847","2152",
2017-01-01,"PSP","JFK","2247","0632",
2017-01-01,"JFK","PBI","2239","0129",
2017-01-01,"PBI","JFK","0620","0900",
2017-01-01,"JFK","SMF","1930","2310",
2017-01-01,"SMF","JFK","0003","0748",
2017-01-01,"JFK","SRQ","0935","1233",
2017-01-01,"SRQ","JFK","1359","1636",
2017-01-01,"JFK","OAK","2113","0059",
2017-01-01,"OAK","JFK","2204","0603",
2017-01-01,"MCO","JFK","2130","2347",
2017-01-01,"JFK","SAN","0937","1230",
2017-01-01,"SAN","JFK","1340","2138",
2017-01-01,"MCO","LGA","0553","0812",
2017-01-01,"LGA","MCO","0920","1223",
2017-01-01,"JFK","FLL","2148","0046",
2017-01-01,"PWM","JFK","1216","1322",
2017-01-01,"JFK","PWM","1023","1130",
2017-01-01,"JFK","LGB","1300","1546",
2017-01-01,"CLT","JFK","1038","1211",
2017-01-01,"JFK","CLT","0758","0959",
2017-01-01,"JFK","LAX","0842","1145",
2017-01-01,"JFK","TPA","2150","0044",
2017-01-01,"TPA","JFK","0953","1218",
2017-01-01,"RSW","JFK","2050","2329",
2017-01-01,"BTV","JFK","0536","0712",
2017-01-01,"JFK","BTV","2258","0002",
2017-01-01,"JFK","SEA","2029","2359",
2017-01-01,"MCO","JFK","1131","1350",
2017-01-01,"MCO","LGA","1932","2210",
2017-01-01,"JFK","BUF","1833","1959",
2017-01-01,"JFK","SJU","1523","2008",
2017-01-01,"JFK","LAS","1755","2049",
2017-01-01,"BOS","JFK","1134","1240",
2017-01-01,"JFK","BOS","2306","0007",
2017-01-01,"JFK","PSE","0018","0441",
2017-01-01,"PSE","JFK","0553","0911",
2017-01-01,"LAS","JFK","1300","2045",
2017-01-01,"JFK","PBI","2056","2342",
2017-01-01,"PBI","JFK","1452","1725",
2017-01-01,"LGA","PBI","1550","1902",
2017-01-01,"JFK","MCO","0813","1108",
2017-01-01,"JFK","AUS","1314","1617",
2017-01-01,"HPN","FLL","1843","2142",
2017-01-01,"FLL","HPN","2003","2243",
2017-01-01,"LGA","BOS","1420","1515",
2017-01-01,"BQN","JFK","0628","0939",
2017-01-01,"JFK","BQN","2359","0422",
2017-01-01,"JFK","SAV","0658","0910",
2017-01-01,"SAV","JFK","1003","1142",
2017-01-01,"MCO","SWF","1354","1636",
2017-01-01,"JFK","MCO","2224","0114",
2017-01-01,"JFK","RDU","0800","0940",
2017-01-01,"RDU","JFK","1047","1210",
2017-01-01,"JFK","FLL","0513","0815",
2017-01-01,"FLL","JFK","2023","2309",
2017-01-01,"JFK","ORD","0825","0957",
2017-01-01,"ORD","JFK","1035","1336",
2017-01-01,"JFK","SFO","1626","2014",
2017-01-01,"SFO","JFK","1534","2334",
2017-01-01,"BOS","JFK","0539","0645",
2017-01-01,"JFK","BOS","1654","1755",
2017-01-01,"JFK","TPA","1538","1904",
2017-01-01,"JFK","RSW","0850","1157",
2017-01-01,"RSW","JFK","1237","1506",
2017-01-01,"BQN","JFK","1041","1347",
2017-01-01,"JFK","BQN","0523","0941",
2017-01-01,"LAS","JFK","2153","0514",
2017-01-01,"LGA","FLL","0923","1214",
2017-01-01,"JFK","MCO","2029","2319",
2017-01-01,"HPN","MCO","1555","1845",
2017-01-01,"BUF","JFK","2035","2150",
2017-01-01,"FLL","JFK","1415","1659",
2017-01-01,"JFK","LGB","1837","2142",
2017-01-01,"LAX","JFK","1647","0037",
2017-01-01,"JFK","TPA","1233","1520",
2017-01-01,"TPA","JFK","1611","1836",
2017-01-01,"JFK","SAV","1745","1948",
2017-01-01,"SAV","JFK","2028","2213",
2017-01-01,"AUS","JFK","1420","1831",
2017-01-01,"LGA","MCO","0700","0946",
2017-01-01,"JFK","FLL","1915","2201",
2017-01-01,"JFK","SJU","2258","0327",
2017-01-01,"ORD","JFK","1747","2051",
2017-01-01,"CLT","JFK","1947","2200",
2017-01-01,"JFK","CLT","1701","1904",
2017-01-01,"JFK","LAX","1918","2241",
2017-01-01,"LAX","JFK","2049","0439",
2017-01-01,"JFK","RSW","1355","1700",
2017-01-01,"PBI","JFK","2156","0017",
2017-01-01,"LGA","PBI","1324","1614",
2017-01-01,"PBI","HPN","1132","1407",
2017-01-01,"HPN","ORD","1732","1909",
2017-01-01,"BUF","DTW","1308","1407",
2017-01-01,"LGA","CLE","1209","1343",
2017-01-01,"DTW","SYR","1528","1646",
2017-01-01,"RIC","LGA","1453","1630",
2017-01-01,"ATL","HPN","1302","1456",
2017-01-01,"HPN","ATL","1527","1809",
2017-01-01,"SAV","LGA","1513","1701",
2017-01-01,"LGA","RIC","0837","0948",
2017-01-01,"ATL","HPN","1038","1247",
2017-01-01,"HPN","ATL","1318","1547",
2017-01-01,"LGA","CLT","1037","1232",
2017-01-01,"ALB","BWI","0635","0757",
2017-01-01,"ALB","BWI","1732","1841",
2017-01-01,"ALB","BWI","0527","0701",
2017-01-01,"ALB","BWI","1125","1232",
2017-01-01,"ALB","BWI","1420","1530",
2017-01-01,"ALB","FLL","1529","1825",
2017-01-01,"ALB","LAS","1312","1540",
2017-01-01,"ALB","MCO","1340","1628",
2017-01-01,"ALB","MCO","0629","0924",
2017-01-01,"ALB","MDW","0538","0714",
2017-01-01,"ALB","MDW","1711","1833",
2017-01-01,"ALB","TPA","1231","1532",
2017-01-01,"ATL","LGA","0844","1039",
2017-01-01,"ATL","LGA","2143","2344",
2017-01-01,"ATL","LGA","0744","0934",
2017-01-01,"ATL","LGA","1751","1940",
2017-01-01,"ATL","LGA","1327","1513",
2017-01-01,"BNA","LGA","1005","1247",
2017-01-01,"BNA","LGA","1551","1838",
2017-01-01,"BUF","BWI","1058","1154",
2017-01-01,"BUF","BWI","1440","1538",
2017-01-01,"BUF","BWI","1735","1835",
2017-01-01,"BUF","BWI","0738","0837",
2017-01-01,"BUF","BWI","1606","1710",
2017-01-01,"BUF","BWI","0601","0714",
2017-01-01,"BUF","FLL","0635","0938",
2017-01-01,"BUF","LAS","1700","1859",
2017-01-01,"BUF","MCO","0945","1223",
2017-01-01,"BUF","MCO","1534","1814",
2017-01-01,"BUF","MCO","0815","1050",
2017-01-01,"BUF","MDW","0728","0813",
2017-01-01,"BUF","MDW","0530","0613",
2017-01-01,"BUF","MDW","1723","1800",
2017-01-01,"BUF","PHX","1235","1529",
2017-01-01,"BUF","TPA","1327","1603",
2017-01-01,"BUF","TPA","0548","0825",
2017-01-01,"BWI","ALB","2230","2329",
2017-01-01,"BWI","ALB","1529","1638",
2017-01-01,"BWI","ALB","2039","2145",
2017-01-01,"BWI","ALB","1235","1354",
2017-01-01,"BWI","ALB","0945","1047",
2017-01-01,"BWI","BUF","1934","2033",
2017-01-01,"BWI","BUF","0906","1013",
2017-01-01,"BWI","BUF","1053","1155",
2017-01-01,"BWI","BUF","2256","2353",
2017-01-01,"BWI","BUF","1516","1619",
2017-01-01,"BWI","BUF","1311","1408",
2017-01-01,"BWI","ISP","1324","1420",
2017-01-01,"BWI","ISP","2044","2144",
2017-01-01,"BWI","ISP","2225","2331",
2017-01-01,"BWI","ISP","0951","1044",
2017-01-01,"BWI","ISP","1528","1629",
2017-01-01,"BWI","ROC","1551","1658",
2017-01-01,"BWI","ROC","2351","0044",
2017-01-01,"BWI","ROC","1013","1119",
2017-01-01,"JFK","LAX","0831","1209",
2017-01-01,"LAX","JFK","0934","1809",
2017-01-01,"LAX","JFK","1221","2040",
2017-01-01,"JFK","SFO","0656","1023",
2017-01-01,"LAX","JFK","2100","0457",
2017-01-01,"SFO","JFK","1130","1954",
2017-01-01,"JFK","SFO","0824","1152",
2017-01-01,"SFO","JFK","1259","2107",
2017-01-01,"JFK","LAX","0856","1233",
2017-01-01,"SFO","JFK","1525","2333",
2017-01-01,"JFK","LAX","1922","2318",
2017-01-01,"LAX","JFK","1346","2203",
2017-01-01,"JFK","LAX","2225","0203",
2017-01-01,"LAX","JFK","2202","0652",
2017-01-01,"LAX","JFK","0025","0831",
2017-01-01,"LAX","JFK","1454","2311",
2017-01-01,"JFK","LAX","0656","1122",
2017-01-01,"LAX","JFK","1306","2134",
2017-01-01,"MIA","JFK","1343","1635",
2017-01-01,"JFK","MIA","1532","1853",
2017-01-01,"SFO","JFK","0725","1547",
2017-01-01,"JFK","SFO","1631","2003",
2017-01-01,"LAX","JFK","0808","1621",
2017-01-01,"JFK","LAX","1759","2129",
2017-01-01,"JFK","SEA","2048","0020",
2017-01-01,"BOS","JFK","1726","1846",
2017-01-01,"JFK","SFO","1950","0004",
2017-01-01,"MIA","LGA","1611","1849",
2017-01-01,"SEA","JFK","2153","0618",
2017-01-01,"SAN","JFK","0746","1615",
2017-01-01,"JFK","SAN","1724","2102",
2017-01-01,"CLT","JFK","1335","1526",
2017-01-01,"JFK","CLT","1631","1837",
2017-01-01,"DCA","JFK","1728","1859",
2017-01-01,"PHX","JFK","","",
2017-01-01,"JFK","LAX","1525","1902",
2017-01-01,"LAX","JFK","0658","1516",
2017-01-01,"DFW","LGA","1929","2320",
2017-01-01,"ORD","JFK","1217","1507",
2017-01-01,"JFK","LAX","1658","2035",
2017-01-01,"LGA","DFW","0608","0900",
2017-01-01,"SFO","JFK","0822","1640",
2017-01-01,"JFK","LAX","0558","1001",
2017-01-01,"LAX","JFK","1108","1919",
2017-01-01,"JFK","SFO","1729","2132",
2017-01-01,"JFK","SFO","1056","1422",
2017-01-01,"LAX","JFK","1659","0057",
2017-01-01,"JFK","LAX","2059","0034",
2017-01-01,"ORD","LGA","1157","1441",
2017-01-01,"BOS","JFK","1310","1416",
2017-01-01,"JFK","BOS","1527","1642",
2017-01-01,"LAS","JFK","0034","0812",
2017-01-01,"JFK","LAS","2023","2343",
2017-01-01,"JFK","MIA","1711","2025",
2017-01-01,"MIA","JFK","0937","1215",
2017-01-01,"JFK","LAX","1000","1401",
2017-01-01,"DFW","LGA","1912","2308",
2017-01-01,"SFO","JFK","2056","0506",
2017-01-01,"MCO","JFK","1335","1555",
2017-01-01,"JFK","MCO","1458","1810",
2017-01-01,"ORD","LGA","2009","2300",
2017-01-01,"LGA","ORD","0709","0853",
2017-01-01,"LAX","JFK","0555","1355",
2017-01-01,"JFK","LAX","1957","2346",
2017-01-01,"LGA","ORD","0648","0813",
2017-01-01,"JFK","SAN","0908","1246",
2017-01-01,"LGA","MIA","1054","1355",
2017-01-01,"MIA","LGA","0606","0854",
2017-01-01,"LGA","MIA","0948","1249",
2017-01-01,"JFK","BOS","2125","2228",
2017-01-01,"LGA","DFW","1030","1335",
2017-01-01,"DFW","LGA","1259","1647",
2017-01-01,"JFK","MCO","1753","2039",
2017-01-01,"LGA","DFW","1803","2137",
2017-01-01,"LGA","DFW","1231","1543",
2017-01-01,"LGA","DFW","2000","2243",
2017-01-01,"DFW","LGA","1703","2100",
2017-01-01,"SAN","JFK","2159","0555",
2017-01-01,"EGE","JFK","0834","1436",
2017-01-01,"DFW","LGA","1708","2109",
2017-01-01,"JFK","MIA","1456","1757",
2017-01-01,"DFW","LGA","1052","1451",
2017-01-01,"DFW","LGA","1640","2026",
2017-01-01,"LGA","ORD","0813","0938",
2017-01-01,"JFK","PHX","1622","1958",
2017-01-01,"DFW","LGA","1219","1604",
2017-01-01,"JFK","DFW","1451","1746",
2017-01-01,"JFK","LAS","0734","1016",
2017-01-01,"LGA","DFW","0655","1005",
2017-01-01,"DFW","JFK","1203","1556",
2017-01-01,"CLT","ROC","2222","2354",
2017-01-01,"CLT","BUF","2006","2152",
2017-01-01,"CLT","ROC","1621","1804",
2017-01-01,"BUF","CLT","1900","2046",
2017-01-01,"CLT","JFK","2240","0017",
2017-01-01,"LGA","CLT","1247","1450",
2017-01-01,"CLT","LGA","0956","1133",
2017-01-01,"CLT","BUF","1644","1822",
2017-01-01,"CLT","ALB","2219","2358",
2017-01-01,"CLT","BUF","0953","1130",
2017-01-01,"CLT","BUF","2221","2343",
2017-01-01,"CLT","LGA","2055","2237",
2017-01-01,"CLT","JFK","1607","1742",
2017-01-01,"CLT","LGA","2219","0009",
2017-01-01,"CLT","ALB","1142","1339",
2017-01-01,"ALB","CLT","1711","1917",
2017-01-01,"SYR","CLT","1906","2120",
2017-01-01,"SEA","JFK","2102","0506",
2017-01-01,"FLL","LGA","0556","0825",
2017-01-01,"JFK","MCO","0833","1126",
2017-01-01,"MCO","JFK","1703","1918",
2017-01-01,"JFK","ROC","1647","1759",
2017-01-01,"JFK","MCO","1926","2219",
2017-01-01,"LGA","MCO","1644","1945",
2017-01-01,"JFK","FLL","1315","1621",
2017-01-01,"PWM","JFK","1450","1607",
2017-01-01,"JFK","PWM","1303","1408",
2017-01-01,"SYR","JFK","1058","1152",
2017-01-01,"JFK","SYR","1700","1805",
2017-01-01,"BOS","JFK","2012","2120",
2017-01-01,"JFK","LAX","1019","1328",
2017-01-01,"LAX","JFK","1137","2010",
2017-01-01,"JFK","TPA","1738","2032",
2017-01-01,"JFK","RSW","2237","0130",
2017-01-01,"JFK","PBI","0533","0817",
2017-01-01,"PBI","JFK","0907","1135",
2017-01-01,"BUR","JFK","2126","0535",
2017-01-01,"JFK","BUR","1719","2037",
2017-01-01,"PBI","LGA","1255","1545",
2017-01-01,"LGA","FLL","0615","0911",
2017-01-01,"JFK","MCO","1316","1605",
2017-01-01,"JFK","DAB","0829","1052",
2017-01-01,"HPN","MCO","1021","1259",
2017-01-01,"MCO","LGA","1225","1452",
2017-01-01,"FLL","JFK","1721","2025",
2017-01-01,"JFK","SJU","1202","1627",
2017-01-01,"JFK","LAS","0810","1136",
2017-01-01,"JFK","SFO","0958","1315",
2017-01-01,"BOS","JFK","1454","1607",
2017-01-01,"JFK","BOS","2052","2210",
2017-01-01,"LAX","JFK","1313","2116",
2017-01-01,"JFK","TPA","0607","0853",
2017-01-01,"TPA","JFK","2119","2343",
2017-01-01,"JFK","RSW","0527","0838",
2017-01-01,"RSW","JFK","0923","1148",
2017-01-01,"SWF","MCO","1707","1959",
2017-01-01,"JFK","PBI","0753","1100",
2017-01-01,"PBI","JFK","1733","2015",
2017-01-01,"LGA","PBI","0718","1034",
2017-01-01,"JFK","JAX","1424","1656",
2017-01-01,"JAX","JFK","1755","1952",
2017-01-01,"JFK","ROC","2309","0016",
2017-01-01,"BUF","LAX","1843","2122",
2017-01-01,"LAX","BUF","2231","0553",
2017-01-01,"LGA","MCO","2105","2341",
2017-01-01,"DAB","JFK","1214","1416",
2017-01-01,"FLL","JFK","1014","1254",
2017-01-01,"LGB","JFK","1401","2217",
2017-01-01,"JFK","BOS","1154","1304",
2017-01-01,"JFK","LAX","1219","1530",
2017-01-01,"LAX","JFK","1432","2228",
2017-01-01,"JFK","TPA","1021","1312",
2017-01-01,"TPA","JFK","1358","1621",
2017-01-01,"SWF","FLL","1914","2220",
2017-01-01,"FLL","SWF","1542","1846",
2017-01-01,"TPA","HPN","1710","1947",
2017-01-01,"JFK","PBI","1602","1858",
2017-01-01,"JFK","MSY","1348","1608",
2017-01-01,"MSY","JFK","1704","2051",
2017-01-01,"JFK","HOU","1556","1908",
2017-01-01,"HOU","JFK","1300","1701",
2017-01-01,"MCO","JFK","0922","1139",
2017-01-01,"ROC","JFK","1844","1948",
2017-01-01,"JFK","MCO","0704","0953",
2017-01-01,"JFK","FLL","0601","0906",
2017-01-01,"JFK","LAS","2011","2251",
2017-01-01,"SFO","JFK","1444","2258",
2017-01-01,"JFK","LAX","1554","1928",
2017-01-01,"JFK","PBI","1349","1636",
2017-01-01,"PBI","JFK","1015","1254",
2017-01-01,"SYR","MCO","1942","2237",
2017-01-01,"MCO","SYR","1603","1856",
2017-01-01,"JFK","SJC","1850","2246",
2017-01-01,"SJC","JFK","2142","0545",
2017-01-01,"FLL","LGA","1834","2116",
2017-01-01,"JFK","MSY","0609","0828",
2017-01-01,"JFK","JAX","0740","1011",
2017-01-01,"JAX","JFK","1109","1311",
2017-01-01,"EWR","BUF","0755","0937",
2017-01-01,"LGA","CLE","2045","2209",
2017-01-01,"EWR","BUF","2038","2203",
2017-01-01,"LGA","CLE","1315","1453",
2017-01-01,"CLE","LGA","1848","2012",
2017-01-01,"ROC","EWR","1934","2044",
2017-01-01,"BUF","EWR","0554","0705",
2017-01-01,"HNL","JFK","1626","0640",
2017-01-01,"JFK","HNL","1007","1621",
2017-01-01,"FLL","LGA","1632","1904",
2017-01-01,"FLL","LGA","1138","1418",
2017-01-01,"LGA","FLL","1225","1508",
2017-01-01,"MCO","IAG","0754","1027",
2017-01-01,"IAG","MCO","1124","1408",
2017-01-01,"ORD","LGA","0538","0840",
2017-01-01,"MYR","LGA","0936","1110",
2017-01-01,"MCO","PBG","1458","1744",
2017-01-01,"PBG","MCO","1837","2202",
2017-01-01,"DTW","LGA","0551","0711",
2017-01-01,"LGA","ORD","2153","2316",
2017-01-01,"DTW","LGA","1555","1729",
2017-01-01,"LGA","MYR","1831","2017",
2017-01-01,"FLL","IAG","2248","0131",
2017-01-01,"FLL","PBG","2202","0101",
2017-01-01,"PBG","FLL","0225","0542",
2017-01-01,"LGA","DTW","0943","1127",
2017-01-01,"FLL","LGA","0735","1008",
2017-01-01,"ORD","ALB","2051","2332",
2017-01-01,"ALB","ORD","1749","1924",
2017-01-01,"LGA","ORD","1650","1828",
2017-01-01,"ORD","LGA","0923","1219",
2017-01-01,"DTW","ITH","0839","0957",
2017-01-01,"ITH","DTW","1252","1416",
2017-01-01,"DTW","BGM","1958","2127",
2017-01-01,"BGM","DTW","1728","1856",
2017-01-01,"DTW","BGM","1543","1654",
2017-01-01,"DTW","ITH","1535","1644",
2017-01-01,"BGM","DTW","0548","0745",
2017-01-01,"ITH","DTW","0919","1058",
2017-01-01,"LGA","IAH","1651","2006",
2017-01-01,"ORD","LGA","2017","2310",
2017-01-01,"ORD","LGA","1719","2000",
2017-01-01,"DEN","LGA","1002","1525",
2017-01-01,"DEN","LGA","1614","2150",
2017-01-01,"LGA","DEN","0616","0822",
2017-01-01,"DEN","LGA","0812","1340",
2017-01-01,"LGA","ORD","0755","0916",
2017-01-01,"LGA","DEN","1759","2016",
2017-01-01,"ORD","LGA","1401","1656",
2017-01-01,"LGA","ORD","0905","1021",
2017-01-01,"ORD","LGA","1558","1855",
2017-01-01,"LGA","DEN","0741","0951",
2017-01-01,"DEN","LGA","1235","1751",
2017-01-01,"ORD","LGA","1757","2052",
2017-01-01,"LGA","ORD","1910","2037",
2017-01-01,"LGA","DEN","0856","1101",
2017-01-01,"LGA","DEN","1508","1731",
2017-01-01,"LGA","ORD","0622","0737",
2017-01-01,"LGA","ORD","1459","1617",
2017-01-01,"ORD","LGA","1057","1347",
2017-01-01,"LGA","IAH","0715","1001",
2017-01-01,"IAH","LGA","1814","2210",
2017-01-01,"LGA","ORD","1310","1430",
2017-01-01,"IAH","LGA","1016","1415",
2017-01-01,"IAH","LGA","1915","2344",
2017-01-01,"LGA","IAH","1507","1748",
2017-01-01,"IAH","LGA","1737","2134",
2017-01-01,"LGA","ORD","1054","1213",
2017-01-01,"IAH","LGA","1913","2305",
2017-01-01,"IAH","LGA","1016","1410",
2017-01-01,"DEN","LGA","1752","2344",
2017-01-01,"SFO","JFK","0703","1516",
2017-01-01,"SFO","JFK","0912","1736",
2017-01-01,"JFK","SFO","1023","1408",
2017-01-01,"SFO","JFK","1353","2204",
2017-01-01,"JFK","SFO","1146","1545",
2017-01-01,"LAS","JFK","2214","0604",
2017-01-01,"SFO","JFK","1537","0021",
2017-01-01,"JFK","SFO","1625","2012",
2017-01-01,"JFK","SFO","1848","2324",
2017-01-01,"SFO","JFK","2322","0725",
2017-01-01,"LAX","JFK","0728","1532",
2017-01-01,"LAX","JFK","1040","1906",
2017-01-01,"JFK","LAX","0854","1217",
2017-01-01,"JFK","LAX","1123","1423",
2017-01-01,"JFK","LAX","1422","1739",
2017-01-01,"LAX","JFK","1353","2159",
2017-01-01,"JFK","LAX","1653","2018",
2017-01-01,"JFK","LAX","2020","0002",
2017-01-01,"LAX","JFK","1550","2358",
2017-01-01,"LAX","JFK","2257","0703",
2017-01-01,"LAX","JFK","2337","0759",
2017-01-01,"FLL","JFK","1052","1320",
2017-01-01,"JFK","FLL","0740","1030",
2017-01-01,"DAL","LGA","1339","1727",
2017-01-01,"LGA","DAL","1159","1501",
2017-01-01,"DAL","LGA","1625","2008",
2017-01-01,"LGA","DAL","1841","2136",
2017-01-01,"LGA","CLT","1551","1743",
2017-01-01,"LGA","CLT","0952","1148",
2017-01-01,"JFK","EGE","1713","2000",
2017-01-01,"JFK","ORD","1718","1858",
2017-01-01,"MCO","JFK","1040","1311",
2017-01-01,"JFK","MCO","0736","1044",
2017-01-01,"MCO","JFK","1149","1413",
2017-01-01,"LGA","MIA","1525","1858",
2017-01-01,"CLT","SYR","2230","0021",
2017-01-01,"JFK","CLT","1854","2046",
2017-01-01,"ATL","LGA","1700","1851",
2017-01-01,"LGA","ATL","1339","1615",
2017-01-01,"BUF","CLT","1217","1359",
2017-01-01,"MIA","JFK","1655","1940",
2017-01-01,"LGA","MIA","0656","0952",
2017-01-01,"MCO","LGA","1843","2106",
2017-01-01,"MIA","LGA","2025","2319",
2017-01-01,"JFK","MIA","1353","1704",
2017-01-01,"JFK","PHX","0954","1400",
2017-01-01,"MIA","LGA","1921","2202",
2017-01-01,"PBI","HPN","1848","2127",
2017-01-01,"JFK","MCO","0547","0825",
2017-01-01,"MCO","LGA","1002","1213",
2017-01-01,"JFK","BUF","2243","0005",
2017-01-01,"JFK","LAX","2245","0219",
2017-01-01,"LAX","JFK","2355","0759",
2017-01-01,"JFK","PBI","1422","1726",
2017-01-01,"HPN","PBI","1455","1812",
2017-01-01,"MCO","JFK","0722","0954",
2017-01-01,"BUF","JFK","0817","0931",
2017-01-01,"PBI","HPN","1516","1755",
2017-01-01,"JFK","MCO","1503","1812",
2017-01-01,"JFK","BUF","1558","1722",
2017-01-01,"BUF","JFK","1047","1151",
2017-01-01,"JFK","BUF","1427","1550",
2017-01-01,"BUF","JFK","1303","1409",
2017-01-01,"JFK","BUF","1106","1222",
2017-01-01,"JFK","PBI","0645","1001",
2017-01-01,"PBI","JFK","1113","1341",
2017-01-01,"BUF","FLL","0731","1021",
2017-01-01,"FLL","BUF","1452","1741",
2017-01-01,"MCO","JFK","1518","1747",
2017-01-01,"BUF","JFK","1629","1742",
2017-01-01,"JFK","BUF","0835","1010",
2017-01-01,"BUF","JFK","1818","1939",
2017-01-01,"JFK","BUF","0619","0738",
2017-01-01,"JFK","BOS","0742","0846",
2017-01-01,"SJU","JFK","0455","0825",
2017-01-01,"JFK","FLL","2007","2301",
2017-01-01,"LAX","JFK","0827","1643",
2017-01-01,"JFK","LAX","1822","2150",
2017-01-01,"ATL","JFK","1542","1742",
2017-01-01,"JFK","ATL","1530","1821",
2017-01-01,"LAX","JFK","1132","1940",
2017-01-01,"JFK","SLC","1603","1911",
2017-01-01,"FLL","JFK","1154","1428",
2017-01-01,"TPA","JFK","1515","1746",
2017-01-01,"MSP","LGA","1335","1656",
2017-01-01,"LGA","MSP","0551","0752",
2017-01-01,"FLL","LGA","1236","1511",
2017-01-01,"MCO","JFK","0823","1042",
2017-01-01,"LGA","DTW","0904","1051",
2017-01-01,"JFK","ATL","1938","2203",
2017-01-01,"JFK","TPA","1923","2214",
2017-01-01,"TPA","JFK","0724","0958",
2017-01-01,"SFO","JFK","1300","2105",
2017-01-01,"DTW","BUF","2015","2124",
2017-01-01,"LGA","TPA","0657","0954",
2017-01-01,"SJU","JFK","1449","1753",
2017-01-01,"SJU","JFK","0735","1035",
2017-01-01,"SJU","JFK","1731","2047",
2017-01-01,"LGA","FLL","2019","2311",
2017-01-01,"SJU","JFK","2036","2325",
2017-01-01,"LGA","TPA","2022","2303",
2017-01-01,"SJU","JFK","1241","1539",
2017-01-01,"JFK","LAS","1537","1840",
2017-01-01,"TPA","JFK","1849","2115",
2017-01-01,"TPA","JFK","1155","1420",
2017-01-01,"MIA","JFK","1524","1819",
2017-01-01,"MCO","JFK","1612","1841",
2017-01-01,"SFO","JFK","0728","1539",
2017-01-01,"JFK","SFO","1541","1937",
2017-01-01,"ATL","JFK","1210","1403",
2017-01-01,"DTW","JFK","1957","2134",
2017-01-01,"JFK","LAX","1009","1310",
2017-01-01,"JFK","LAX","1131","1501",
2017-01-01,"JFK","LAS","2104","2354",
2017-01-01,"JFK","PDX","1954","2312",
2017-01-01,"JFK","HNL","0932","1555",
2017-01-01,"JFK","BOS","1256","1359",
2017-01-01,"JFK","SEA","0756","1224",
2017-01-01,"JFK","SFO","1128","1457",
2017-01-01,"JFK","SFO","1814","2157",
2017-01-01,"JFK","SLC","1303","1607",
2017-01-01,"JFK","MSP","0654","0920",
2017-01-01,"JFK","BOS","1706","1849",
2017-01-01,"JFK","SLC","0918","1212",
2017-01-01,"JFK","SEA","1924","2230",
2017-01-01,"JFK","LAX","0823","1142",
2017-01-01,"SLC","JFK","1057","1702",
2017-01-01,"JFK","SLC","1920","2236",
2017-01-01,"DEN","JFK","1212","1812",
2017-01-01,"JFK","LAX","1605","1953",
2017-01-01,"JFK","LAX","1711","2053",
2017-01-01,"JFK","SJU","1924","0011",
2017-01-01,"JFK","ATL","1453","1730",
2017-01-01,"JFK","BOS","1454","1602",
2017-01-01,"JFK","ATL","0557","0834",
2017-01-01,"JFK","LAX","1401","1719",
2017-01-01,"JFK","SFO","0742","1111",
2017-01-01,"JFK","BOS","1921","2024",
2017-01-01,"JFK","MCO","2055","2331",
2017-01-01,"JFK","SLC","0646","1012",
2017-01-01,"FLL","JFK","1543","1824",
2017-01-01,"JFK","STT","0829","1307",
2017-01-01,"SLC","JFK","0850","1459",
2017-01-01,"ATL","JFK","1735","1936",
2017-01-01,"JFK","ATL","0802","1054",
2017-01-01,"JFK","MSP","1733","1946",
2017-01-01,"BOS","JFK","1655","1816",
2017-01-01,"JFK","ATL","1752","2032",
2017-01-01,"JFK","SFO","0930","1250",
2017-01-01,"JFK","SEA","1507","1824",
2017-01-01,"JFK","LAS","0756","1047",
2017-01-01,"JFK","SLC","1118","1437",
2017-01-01,"DTW","LGA","1550","1720",
2017-01-01,"LGA","DTW","1234","1415",
2017-01-01,"LAX","JFK","1258","2101",
2017-01-01,"LGA","MCO","0846","1133",
2017-01-01,"FLL","LGA","0753","1035",
2017-01-01,"LGA","DEN","1758","2030",
2017-01-01,"MSP","JFK","1501","1919",
2017-01-01,"PBI","JFK","1957","2233",
2017-01-01,"STT","JFK","1449","1803",
2017-01-01,"MIA","JFK","0740","1017",
2017-01-01,"LGA","MSP","1858","2048",
2017-01-01,"PBI","LGA","1409","1641",
2017-01-01,"LGA","ATL","1151","1433",
2017-01-01,"FLL","LGA","1540","1828",
2017-01-01,"LGA","FLL","1806","2059",
2017-01-01,"LAX","JFK","0716","1532",
2017-01-01,"MCO","LGA","1739","1950",
2017-01-01,"ATL","LGA","1557","1752",
2017-01-01,"MCO","LGA","1215","1421",
2017-01-01,"PBI","LGA","1914","2142",
2017-01-01,"LGA","MCO","1404","1641",
2017-01-01,"FLL","JFK","1925","2203",
2017-01-01,"MIA","JFK","1211","1447",
2017-01-01,"PBI","LGA","0619","0855",
2017-01-01,"LGA","RSW","1208","1506",
2017-01-01,"PBI","LGA","1227","1504",
2017-01-01,"LGA","BUF","1807","1922",
2017-01-01,"MCO","JFK","1348","1615",
2017-01-01,"LGA","ATL","0555","0815",
2017-01-01,"ATL","LGA","2106","2257",
2017-01-01,"MIA","JFK","1102","1346",
2017-01-01,"RSW","JFK","2013","2248",
2017-01-01,"LGA","MCO","1505","1808",
2017-01-01,"BOS","JFK","1459","1618",
2017-01-01,"SLC","JFK","2347","0611",
2017-01-01,"PBI","LGA","1052","1321",
2017-01-01,"DTW","LGA","1159","1321",
2017-01-01,"ATL","JFK","2104","2304",
2017-01-01,"MCO","JFK","1925","2154",
2017-01-01,"RSW","LGA","1358","1640",
2017-01-01,"PHX","JFK","0701","1321",
2017-01-01,"PBI","JFK","1203","1435",
2017-01-01,"LGA","MCO","0658","0938",
2017-01-01,"LGA","MIA","0921","1212",
2017-01-01,"MIA","LGA","0759","1036",
2017-01-01,"LGA","PBI","1013","1310",
2017-01-01,"ATL","SYR","1724","1920",
2017-01-01,"MIA","LGA","1055","1339",
2017-01-01,"LGA","FLL","1032","1321",
2017-01-01,"ATL","ROC","2129","2313",
2017-01-01,"LGA","FLL","1135","1434",
2017-01-01,"DEN","LGA","1042","1604",
2017-01-01,"ATL","BUF","1345","1536",
2017-01-01,"BUF","ATL","1637","1847",
2017-01-01,"LAX","JFK","2152","0549",
2017-01-01,"LGA","PBI","0826","1113",
2017-01-01,"LGA","MIA","0957","1304",
2017-01-01,"MSY","JFK","1146","1540",
2017-01-01,"BUF","LGA","0647","0755",
2017-01-01,"RSW","JFK","1210","1444",
2017-01-01,"FLL","JFK","1409","1653",
2017-01-01,"BUF","ATL","0608","0815",
2017-01-01,"DEN","LGA","1634","2146",
2017-01-01,"LGA","FLL","1239","1536",
2017-01-01,"ATL","BUF","2055","2247",
2017-01-01,"SFO","JFK","1416","2213",
2017-01-01,"SEA","JFK","1349","2159",
2017-01-01,"MCO","LGA","1859","2125",
2017-01-01,"ATL","SYR","1110","1327",
2017-01-01,"SYR","ATL","1409","1637",
2017-01-01,"LGA","MSP","0959","1204",
2017-01-01,"MSP","LGA","1317","1644",
2017-01-01,"TPA","LGA","1226","1445",
2017-01-01,"TPA","LGA","0657","0919",
2017-01-01,"LGA","PBI","1200","1447",
2017-01-01,"TPA","LGA","1542","1809",
2017-01-01,"MCO","LGA","1413","1639",
2017-01-01,"ROC","ATL","1254","1517",
2017-01-01,"LGA","MCO","1840","2122",
2017-01-01,"LGA","MCO","1957","2247",
2017-01-01,"LGA","RSW","1002","1310",
2017-01-01,"MIA","LGA","1316","1559",
2017-01-01,"FLL","LGA","0856","1133",
2017-01-01,"LGA","SRQ","1048","1341",
2017-01-01,"LGA","FLL","1457","1753",
2017-01-01,"ATL","ALB","2221","0013",
2017-01-01,"BUF","DTW","0617","0722",
2017-01-01,"MCO","LGA","0757","1013",
2017-01-01,"BOS","JFK","0558","0720",
2017-01-01,"ALB","ATL","1230","1517",
2017-01-01,"ATL","ALB","0944","1142",
2017-01-01,"LGA","MSP","1227","1430",
2017-01-01,"LGA","DTW","0556","0745",
2017-01-01,"SFO","JFK","1130","2013",
2017-01-01,"MSP","LGA","2150","0103",
2017-01-01,"LGA","MIA","0800","1047",
2017-01-01,"LAS","JFK","1627","0013",
2017-01-01,"MCO","JFK","1425","1648",
2017-01-01,"LGA","FLL","1924","2212",
2017-01-01,"TPA","LGA","1046","1310",
2017-01-01,"MSP","LGA","0903","1224",
2017-01-01,"RSW","LGA","1610","1848",
2017-01-01,"LGA","MIA","1120","1414",
2017-01-01,"LAS","JFK","0659","1440",
2017-01-01,"LGA","RSW","1706","2013",
2017-01-01,"LGA","MCO","1131","1411",
2017-01-01,"LGA","MIA","0658","0953",
2017-01-01,"SYR","ATL","0553","0821",
2017-01-01,"RSW","LGA","0756","1051",
2017-01-01,"SLC","JFK","1625","2237",
2017-01-01,"SLC","JFK","1339","2000",
2017-01-01,"LGA","TPA","1139","1424",
2017-01-01,"MSP","ALB","2019","2337",
2017-01-01,"JAX","JFK","1146","1355",
2017-01-01,"LGA","MIA","1414","1710",
2017-01-01,"BOS","JFK","0957","1102",
2017-01-01,"ATL","LGA","0644","0828",
2017-01-01,"LGA","ATL","0753","1028",
2017-01-01,"ATL","LGA","0859","1052",
2017-01-01,"LGA","ATL","0854","1123",
2017-01-01,"LGA","ATL","0952","1218",
2017-01-01,"ATL","LGA","1044","1240",
2017-01-01,"ATL","LGA","1150","1349",
2017-01-01,"LGA","ATL","1416","1702",
2017-01-01,"LGA","ATL","1454","1736",
2017-01-01,"ATL","LGA","1345","1533",
2017-01-01,"LGA","ATL","1727","2020",
2017-01-01,"LGA","ATL","1751","2028",
2017-01-01,"ATL","LGA","1755","1955",
2017-01-01,"LGA","ATL","1950","2217",
2017-01-01,"ATL","LGA","2015","2209",
2017-01-01,"ATL","LGA","2154","2344",
2017-01-01,"AUS","JFK","0743","1200",
2017-01-01,"FLL","LGA","1055","1329",
2017-01-01,"DEN","JFK","0716","1247",
2017-01-01,"LGA","MIA","1545","1904",
2017-01-01,"SEA","JFK","2256","0710",
2017-01-01,"LGA","RSW","1942","2247",
2017-01-01,"LGA","FLL","0802","1055",
2017-01-01,"JFK","MSY","0759","1018",
2017-01-01,"MCO","LGA","1520","1730",
2017-01-01,"ALB","MSP","0812","1027",
2017-01-01,"JFK","LAS","1745","2036",
2017-01-01,"JFK","FLL","1512","1824",
2017-01-01,"PHX","JFK","1206","1840",
2017-01-01,"MSY","JFK","0743","1115",
2017-01-01,"JFK","PBI","0757","1054",
2017-01-01,"SRQ","LGA","1440","1714",
2017-01-01,"PBI","JFK","0723","1008",
2017-01-01,"MIA","LGA","1159","1444",
2017-01-01,"MSP","JFK","1049","1411",
2017-01-01,"LAS","JFK","1330","2111",
2017-01-01,"RSW","LGA","0658","0926",
2017-01-01,"MCO","LGA","1127","1348",
2017-01-01,"LGA","MSP","1610","1818",
2017-01-01,"ROC","ATL","0555","0809",
2017-01-01,"LGA","DTW","1818","2007",
2017-01-01,"LGA","PBI","1849","2132",
2017-01-01,"MIA","LGA","0629","0918",
2017-01-01,"JFK","RSW","0757","1116",
2017-01-01,"LGA","MIA","1643","2014",
2017-01-01,"PDX","JFK","0655","1440",
2017-01-01,"FLL","JFK","0727","1006",
2017-01-01,"JFK","MIA","1926","2212",
2017-01-01,"HNL","JFK","1737","0743",
2017-01-01,"JFK","SJU","0655","1114",
2017-01-01,"SEA","JFK","0909","1850",
2017-01-01,"JFK","TPA","1126","1415",
2017-01-01,"SFO","JFK","2123","0524",
2017-01-01,"FLL","LGA","1900","2137",
2017-01-01,"MIA","LGA","1431","1720",
2017-01-01,"DTW","LGA","0831","1009",
2017-01-01,"LAX","JFK","1454","2248",
2017-01-01,"DTW","LGA","2019","2154",
2017-01-01,"FLL","LGA","1640","1922",
2017-01-01,"MCO","LGA","0629","0853",
2017-01-01,"JFK","MSY","1517","1759",
2017-01-01,"JFK","TPA","0757","1046",
2017-01-01,"JFK","PHX","0833","1215",
2017-01-01,"JFK","RSW","1539","1927",
2017-01-01,"JFK","MIA","1526","1840",
2017-01-01,"MIA","LGA","1757","2035",
2017-01-01,"LGA","MSY","1358","1628",
2017-01-01,"ATL","JFK","0836","1035",
2017-01-01,"SLC","JFK","1725","2336",
2017-01-01,"JFK","MIA","0757","1105",
2017-01-01,"PBI","LGA","0800","1028",
2017-01-01,"LAX","JFK","1624","0029",
2017-01-01,"JFK","RSW","1925","2223",
2017-01-01,"LGA","PBI","2031","2316",
2017-01-01,"ATL","ROC","0905","1104",
2017-01-01,"TPA","LGA","2008","2226",
2017-01-01,"MCO","JFK","1041","1308",
2017-01-01,"MIA","LGA","1954","2248",
2017-01-01,"SAN","JFK","0725","1517",
2017-01-01,"PBI","LGA","1620","1902",
2017-01-01,"JFK","MCO","1542","1844",
2017-01-01,"JFK","MCO","1751","2045",
2017-01-01,"JFK","FLL","0824","1126",
2017-01-01,"LGA","PBI","1456","1810",
2017-01-01,"LGA","MCO","1017","1305",
2017-01-01,"MIA","LGA","1818","2107",
2017-01-01,"JFK","SJU","0855","1317",
2017-01-01,"LGA","PBI","0707","0953",
2017-01-01,"LGA","TPA","1607","1921",
2017-01-01,"JFK","DEN","0828","1133",
2017-01-01,"JFK","SAN","0833","1139",
2017-01-01,"JFK","PBI","1544","1913",
2017-01-01,"ATL","JFK","1153","1349",
2017-01-01,"FLL","LGA","1421","1703",
2017-01-01,"RSW","JFK","0711","0943",
2017-01-01,"MCO","LGA","1955","2212",
2017-01-01,"MSY","JFK","1853","2248",
2017-01-01,"SAN","JFK","1253","2056",
2017-01-01,"MSY","LGA","1730","2110",
2017-01-01,"LGA","MIA","1832","2139",
2017-01-01,"JFK","SJU","1123","1551",
2017-01-01,"MIA","JFK","1935","2222",
2017-01-01,"LGA","DEN","0823","1037",
2017-01-01,"ALB","ATL","0555","0925",
2017-01-01,"ATL","BUF","0955","1146",
2017-01-01,"BUF","ATL","1236","1459",
2017-01-01,"LAS","JFK","2208","0544",
2017-01-01,"MSP","JFK","1957","2329",
2017-01-01,"LGA","TPA","0837","1127",
2017-01-01,"JFK","TPA","1450","1740",
2017-01-01,"JFK","DTW","0905","1100",
2017-01-01,"LGA","MCO","1814","2101",
2017-01-01,"JFK","MCO","1220","1513",
2017-01-01,"JFK","PHX","1827","2202",
2017-01-01,"JFK","MIA","0650","1014",
2017-01-01,"JFK","MCO","0929","1214",
2017-01-01,"JFK","MSY","2011","2226",
2017-01-01,"JFK","MIA","1129","1433",
2017-01-01,"JFK","FLL","1015","1306",
2017-01-01,"MSP","LGA","1531","1901",
2017-01-01,"JFK","PBI","1817","2106",
2017-01-01,"JFK","MCO","1035","1321",
2017-01-01,"JFK","FLL","1146","1443",
2017-01-01,"JFK","SAN","1931","2323",
2017-01-01,"JFK","MSP","1826","2033",
2017-01-01,"MSP","BUF","1948","2245",
2017-01-01,"MSY","LGA","1205","1542",
2017-01-01,"LGA","ORF","1351","1458",
2017-01-01,"JFK","SJU","1454","1916",
2017-01-01,"JFK","AUS","1818","2128",
2017-01-01,"JFK","DEN","1929","2202",
2017-01-01,"BUF","EWR","1822","1946",
2017-01-01,"SYR","ORD","1013","1121",
2017-01-01,"ROC","ORD","1029","1123",
2017-01-01,"BUF","EWR","1000","1119",
2017-01-01,"DTW","SYR","2027","2150",
2017-01-01,"CLT","LGA","0846","1020",
2017-01-01,"BUF","DTW","1742","1853",
2017-01-01,"DTW","BUF","1537","1647",
2017-01-01,"RIC","LGA","0649","0800",
2017-01-01,"CLE","LGA","1539","1715",
2017-01-01,"ATL","LGA","0606","0807",
2017-01-01,"LGA","MIA","0929","1233",
2017-01-01,"MIA","LGA","1433","1717",
2017-01-01,"LGA","ATL","1822","2059",
2017-01-01,"DEN","LGA","1741","2313",
2017-01-01,"LGA","DEN","2357","0220",
2017-01-01,"LGA","FLL","1523","1844",
2017-01-01,"ORD","LGA","1821","2108",
2017-01-01,"IAG","FLL","","",
2017-01-01,"LGA","FLL","0630","0926",
2017-01-01,"FLL","LGA","2015","2246",
2017-01-01,"DFW","LGA","0853","1309",
2017-01-01,"LGA","FLL","2020","2310",
2017-01-01,"LGA","ORD","0829","0944",
2017-01-01,"LGA","DFW","1348","1634",
2017-01-01,"LGA","MYR","1059","1246",
2017-01-01,"LGA","DTW","1630","1823",
2017-01-01,"MYR","LGA","1401","1532",
2017-01-01,"BUF","ORD","1651","1733",
2017-01-01,"ALB","ORD","0646","0828",
2017-01-01,"ORD","SYR","1439","1718",
2017-01-01,"ORD","BUF","1350","1615",
2017-01-01,"SYR","ORD","1746","1856",
2017-01-01,"ORD","ALB","1345","1632",
2017-01-01,"DAL","LGA","1756","2147",
2017-01-01,"DAL","LGA","0631","1015",
2017-01-01,"DAL","LGA","1339","1734",
2017-01-01,"DAL","LGA","1251","1638",
2017-01-01,"DEN","LGA","1034","1553",
2017-01-01,"DEN","LGA","1753","2314",
2017-01-01,"FLL","ALB","1011","1300",
2017-01-01,"FLL","BUF","0945","1239",
2017-01-01,"FLL","ISP","1020","1257",
2017-01-01,"FLL","ISP","2030","2307",
2017-01-01,"HOU","LGA","0939","1325",
2017-01-01,"HOU","LGA","1829","2220",
2017-01-01,"IND","LGA","1521","1715",
2017-01-01,"IND","LGA","0700","0847",
2017-01-01,"ISP","BWI","1718","1822",
2017-01-01,"ISP","BWI","1131","1235",
2017-01-01,"ISP","BWI","1326","1444",
2017-01-01,"ISP","BWI","0728","0833",
2017-01-01,"ISP","BWI","0537","0641",
2017-01-01,"ISP","FLL","1405","1654",
2017-01-01,"ISP","FLL","0655","0945",
2017-01-01,"ISP","MCO","0615","0856",
2017-01-01,"ISP","MCO","1805","2041",
2017-01-01,"ISP","MCO","1231","1514",
2017-01-01,"ISP","PBI","1509","1759",
2017-01-01,"ISP","PBI","0945","1234",
2017-01-01,"ISP","TPA","0600","0902",
2017-01-01,"LAS","ALB","1831","0149",
2017-01-01,"LAS","BUF","0951","1645",
2017-01-01,"LGA","ATL","1017","1251",
2017-01-01,"LGA","ATL","1345","1622",
2017-01-01,"LGA","ATL","2022","2255",
2017-01-01,"LGA","ATL","1725","1953",
2017-01-01,"LGA","ATL","0636","0922",
2017-01-01,"LGA","BNA","1607","1737",
2017-01-01,"LGA","BNA","1129","1249",
2017-01-01,"LGA","DAL","1600","1900",
2017-01-01,"LGA","DAL","1824","2115",
2017-01-01,"LGA","DAL","0605","0903",
2017-01-01,"LGA","DAL","1030","1323",
2017-01-01,"LGA","DEN","0830","1038",
2017-01-01,"LGA","DEN","1727","1946",
2017-01-01,"LGA","HOU","0636","0944",
2017-01-01,"LGA","HOU","1658","2031",
2017-01-01,"LGA","IND","1125","1334",
2017-01-01,"LGA","IND","1936","2146",
2017-01-01,"LGA","MCI","1657","1927",
2017-01-01,"LGA","MDW","2332","0114",
2017-01-01,"LGA","MDW","1258","1411",
2017-01-01,"LGA","MDW","1841","1958",
2017-01-01,"LGA","MDW","1631","1756",
2017-01-01,"LGA","MDW","0955","1111",
2017-01-01,"LGA","MKE","2014","2129",
2017-01-01,"LGA","MKE","1151","1304",
2017-01-01,"LGA","STL","1811","2003",
2017-01-01,"LGA","STL","1412","1557",
2017-01-01,"LGA","STL","0709","0901",
2017-01-01,"MCI","LGA","1308","1627",
2017-01-01,"MCO","ALB","1411","1641",
2017-01-01,"MCO","ALB","0856","1122",
2017-01-01,"MCO","BUF","2225","0041",
2017-01-01,"MCO","BUF","1216","1439",
2017-01-01,"MCO","BUF","1826","2045",
2017-01-01,"MCO","ISP","2016","2233",
2017-01-01,"MCO","ISP","1455","1711",
2017-01-01,"MCO","ISP","0916","1133",
2017-01-01,"MCO","ROC","0707","0931",
2017-01-01,"MDW","ALB","0945","1221",
2017-01-01,"MDW","ALB","2159","0034",
2017-01-01,"MDW","BUF","1906","2121",
2017-01-01,"MDW","BUF","1318","1530",
2017-01-01,"MDW","BUF","2207","0024",
2017-01-01,"MDW","LGA","2014","2258",
2017-01-01,"MDW","LGA","2031","2325",
2017-01-01,"MDW","LGA","1506","1747",
2017-01-01,"MDW","LGA","1236","1518",
2017-01-01,"MDW","LGA","0809","1100",
2017-01-01,"MKE","LGA","1616","1902",
2017-01-01,"MKE","LGA","1207","1501",
2017-01-01,"PBI","ISP","1007","1238",
2017-01-01,"PBI","ISP","1624","1856",
2017-01-01,"PHX","BUF","1031","1628",
2017-01-01,"ROC","BWI","1743","1841",
2017-01-01,"ROC","BWI","0534","0634",
2017-01-01,"ROC","BWI","1017","1123",
2017-01-01,"ROC","MCO","1157","1431",
2017-01-01,"ROC","TPA","1556","1843",
2017-01-01,"STL","LGA","1950","2245",
2017-01-01,"STL","LGA","1250","1617",
2017-01-01,"STL","LGA","0851","1146",
2017-01-01,"TPA","ALB","1055","1327",
2017-01-01,"TPA","BUF","1843","2114",
2017-01-01,"TPA","BUF","0637","0901",
2017-01-01,"TPA","ISP","2017","2240",
2017-01-01,"TPA","ROC","1245","1513",
